{
  "summary": {
    "IForest_train_pct": 5.0,
    "IForest_test_pct": 53.87,
    "HDBSCAN_train_pct": 44.27,
    "HDBSCAN_test_pct": 92.91,
    "Consensus_train_pct": 2.63,
    "Consensus_test_pct": 49.08,
    "Agreement_train_pct": 55.98,
    "Agreement_test_pct": 51.4,
    "Silhouette_IF_train": 0.9005,
    "Silhouette_HDB_train": 0.1151
  },
  "rf_feature_importances": {
    "BoxCox_Length": 0.1975232772901612,
    "Log_IATime": 0.12852799549851632,
    "Length_Std": 0.12503769408629037,
    "IAT_to_Session": 0.09238755010208638,
    "Log_BRate": 0.08180201035082457,
    "Pkt_Per_Src": 0.07393778251656848,
    "Length_Mean": 0.07109419466798124,
    "Rate_to_Length": 0.05516984714242996,
    "BoxCox_PRate": 0.0541886067474924,
    "Session_Dur_Dst": 0.041557436912135606,
    "Session_Dur_Src": 0.04090609868703648,
    "Time_Diff": 0.037867505998477026
  },
  "top_botnets_test": {
    "Normal": 89102,
    "Unknown": 85898
  }
}