{
  "summary": {
    "IForest_train_pct": 5.0,
    "IForest_test_pct": 41.16,
    "HDBSCAN_train_pct": 21.92,
    "HDBSCAN_test_pct": 100.0,
    "Consensus_train_pct": 3.01,
    "Consensus_test_pct": 41.16,
    "Agreement_train_pct": 79.11,
    "Agreement_test_pct": 41.16,
    "Silhouette_IF_train": 0.2971,
    "Silhouette_HDB_train": 0.0222
  },
  "top_botnet_profiles_test": {
    "Normal": 58835,
    "Neris": 36775,
    "Virut": 2837,
    "Zeus": 1553
  },
  "rf_feature_importances": {
    "Log_IATime": 0.1523779476076094,
    "Rate_to_Length": 0.12518358253367834,
    "IAT_to_Session": 0.12219184706737392,
    "Log_BRate": 0.10365983925049387,
    "Burst_Variability": 0.07517535423943494,
    "BoxCox_PRate": 0.07503733833644764,
    "Pkt_Per_Src": 0.06419574959352459,
    "Session_Dur_Dst": 0.0613512712817364,
    "Length_Std": 0.05754125811165262,
    "Session_Dur_Src": 0.0442464461214945,
    "Length_Mean": 0.04104796497377153,
    "Time_Diff": 0.030469834997115176,
    "BoxCox_Length": 0.030449974080011728,
    "Pkt_Rate_Change": 0.017071591805655262
  }
}