{
  "train_distribution": {
    "Neris": 57454,
    "Zeus": 57454,
    "Virut": 57454
  },
  "test_distribution": {
    "Neris": 69197,
    "Zeus": 21768,
    "Virut": 9035
  },
  "rf_report": {
    "Neris": {
      "precision": 0.9780771187878102,
      "recall": 1.0,
      "f1-score": 0.9889170745650077,
      "support": 69197.0
    },
    "Virut": {
      "precision": 0.9622911169744943,
      "recall": 0.9687880464858882,
      "f1-score": 0.9655286525839722,
      "support": 9035.0
    },
    "Zeus": {
      "precision": 1.0,
      "recall": 0.9259463432561559,
      "f1-score": 0.961549470470375,
      "support": 21768.0
    },
    "accuracy": 0.98106,
    "macro avg": {
      "precision": 0.9801227452541016,
      "recall": 0.964911463247348,
      "f1-score": 0.9719983992064516,
      "support": 100000.0
    },
    "weighted avg": {
      "precision": 0.9814230263062464,
      "recall": 0.98106,
      "f1-score": 0.9808465505797016,
      "support": 100000.0
    }
  },
  "ensemble_report": {
    "Neris": {
      "precision": 0.9736320018010158,
      "recall": 1.0,
      "f1-score": 0.9866398608378247,
      "support": 69197.0
    },
    "Virut": {
      "precision": 0.9612953310413663,
      "recall": 0.9593801881571665,
      "f1-score": 0.9603368047861732,
      "support": 9035.0
    },
    "Zeus": {
      "precision": 1.0,
      "recall": 0.9147372289599413,
      "f1-score": 0.9554702495201536,
      "support": 21768.0
    },
    "accuracy": 0.97777,
    "macro avg": {
      "precision": 0.9783091109474608,
      "recall": 0.958039139039036,
      "f1-score": 0.9674823050480504,
      "support": 100000.0
    },
    "weighted avg": {
      "precision": 0.9782571694458365,
      "recall": 0.97777,
      "f1-score": 0.9774783787319273,
      "support": 100000.0
    }
  },
  "feature_list": [
    "Time_Diff",
    "Log_IATime",
    "Log_BRate",
    "BoxCox_Length",
    "BoxCox_PRate",
    "Length_Mean",
    "Length_Std",
    "Pkt_Per_Src",
    "Session_Dur_Src",
    "Session_Dur_Dst",
    "Rate_to_Length",
    "IAT_to_Session",
    "Burst_Variability",
    "Pkt_Rate_Change",
    "Bytes_Per_Session_Src",
    "Packets_Per_Session_Src"
  ]
}