{
  "train_distribution": {
    "Normal": 100244,
    "Neris": 100244,
    "Virut": 100244,
    "Other": 100244
  },
  "test_distribution": {
    "Normal": 84156,
    "Virut": 70258,
    "Neris": 44104,
    "Other": 1482
  },
  "rf_report": {
    "Neris": {
      "precision": 0.6745524982008054,
      "recall": 0.9988436423000181,
      "f1-score": 0.8052755207428869,
      "support": 44104.0
    },
    "Normal": {
      "precision": 0.9651891605379977,
      "recall": 0.8655116688055516,
      "f1-score": 0.9126368084399923,
      "support": 84156.0
    },
    "Other": {
      "precision": 1.0,
      "recall": 0.0020242914979757085,
      "f1-score": 0.00404040404040404,
      "support": 1482.0
    },
    "Virut": {
      "precision": 0.9969438581680033,
      "recall": 0.840388283184833,
      "f1-score": 0.9119961693813088,
      "support": 70258.0
    },
    "accuracy": 0.87969,
    "macro avg": {
      "precision": 0.9091713792267015,
      "recall": 0.6766919714470947,
      "f1-score": 0.658487225651148,
      "support": 200000.0
    },
    "weighted avg": {
      "precision": 0.9125110198102583,
      "recall": 0.87969,
      "f1-score": 0.8820037478255007,
      "support": 200000.0
    }
  },
  "ensemble_report": {
    "Neris": {
      "precision": 0.5273834885223927,
      "recall": 0.9991157264647198,
      "f1-score": 0.6903601811089003,
      "support": 44104.0
    },
    "Normal": {
      "precision": 0.9653940166852649,
      "recall": 0.8635272589001378,
      "f1-score": 0.9116237643634904,
      "support": 84156.0
    },
    "Other": {
      "precision": 1.0,
      "recall": 0.0020242914979757085,
      "f1-score": 0.00404040404040404,
      "support": 1482.0
    },
    "Virut": {
      "precision": 0.9987368523331794,
      "recall": 0.5852002618918842,
      "f1-score": 0.7379851918330715,
      "support": 70258.0
    },
    "accuracy": 0.78927,
    "macro avg": {
      "precision": 0.8728785893852093,
      "recall": 0.6124668846886794,
      "f1-score": 0.5860023853364666,
      "support": 200000.0
    },
    "weighted avg": {
      "precision": 0.8807733700859064,
      "recall": 0.78927,
      "f1-score": 0.7951080321399833,
      "support": 200000.0
    }
  },
  "feature_list": [
    "Time_Diff",
    "Log_IATime",
    "Log_BRate",
    "BoxCox_Length",
    "BoxCox_PRate",
    "Length_Mean",
    "Length_Std",
    "Pkt_Per_Src",
    "Session_Dur_Src",
    "Session_Dur_Dst",
    "Rate_to_Length",
    "IAT_to_Session",
    "Burst_Variability",
    "Pkt_Rate_Change",
    "Bytes_Per_Session_Src",
    "Packets_Per_Session_Src"
  ]
}