{
  "train_distribution": {
    "Normal": 125123,
    "Neris": 125123,
    "Other": 125123,
    "Virut": 125123
  },
  "test_distribution": {
    "Normal": 108791,
    "Neris": 69729,
    "Other": 20733,
    "Virut": 747
  },
  "rf_report": {
    "Neris": {
      "precision": 0.9113316945439,
      "recall": 0.9782873696740237,
      "f1-score": 0.9436232976670517,
      "support": 69729.0
    },
    "Normal": {
      "precision": 0.9703614251618854,
      "recall": 0.938037153808679,
      "f1-score": 0.9539255367875938,
      "support": 108791.0
    },
    "Other": {
      "precision": 0.957938418976382,
      "recall": 0.9018472965803309,
      "f1-score": 0.9290470038755838,
      "support": 20733.0
    },
    "Virut": {
      "precision": 0.5714285714285714,
      "recall": 0.3534136546184739,
      "f1-score": 0.43672456575682383,
      "support": 747.0
    },
    "accuracy": 0.946135,
    "macro avg": {
      "precision": 0.8527650275276846,
      "recall": 0.7928963686703769,
      "f1-score": 0.8158301010217633,
      "support": 200000.0
    },
    "weighted avg": {
      "precision": 0.9470031595856637,
      "recall": 0.946135,
      "f1-score": 0.945822933888289,
      "support": 200000.0
    }
  },
  "ensemble_report": {
    "Neris": {
      "precision": 0.9011815961449601,
      "recall": 0.9789327252649543,
      "f1-score": 0.9384494823817314,
      "support": 69729.0
    },
    "Normal": {
      "precision": 0.9761824729891957,
      "recall": 0.93431441939131,
      "f1-score": 0.9547896823160308,
      "support": 108791.0
    },
    "Other": {
      "precision": 0.9587445819625046,
      "recall": 0.8854965513915015,
      "f1-score": 0.9206659645955569,
      "support": 20733.0
    },
    "Virut": {
      "precision": 0.5474006116207951,
      "recall": 0.7188755020080321,
      "f1-score": 0.6215277777777778,
      "support": 747.0
    },
    "accuracy": 0.944005,
    "macro avg": {
      "precision": 0.8458773156793639,
      "recall": 0.8794047995139496,
      "f1-score": 0.8588582267677742,
      "support": 200000.0
    },
    "weighted avg": {
      "precision": 0.9466245930563443,
      "recall": 0.944005,
      "f1-score": 0.9443105848989937,
      "support": 200000.0
    }
  },
  "feature_list": [
    "Time_Diff",
    "Log_IATime",
    "Log_BRate",
    "BoxCox_Length",
    "BoxCox_PRate",
    "Length_Mean",
    "Length_Std",
    "Pkt_Per_Src",
    "Session_Dur_Src",
    "Session_Dur_Dst",
    "Rate_to_Length",
    "IAT_to_Session",
    "Burst_Variability",
    "Pkt_Rate_Change",
    "Bytes_Per_Session_Src",
    "Packets_Per_Session_Src"
  ]
}